id,role,driver_id,season_id,team_id
1,,1,1,1
2,,2,1,1
3,,3,1,1
4,,4,1,5
5,,5,1,5
6,,6,1,4
7,,7,1,4
8,,8,1,5
9,,9,1,2
10,,11,1,2
11,,10,1,2
12,,12,1,5
13,,13,1,1
14,,14,1,3
15,,15,1,2
16,,16,1,2
17,,17,1,3
18,,18,1,2
19,,19,1,2
20,,20,1,5
21,,22,1,4
22,,21,1,4
23,,23,1,4
24,,24,1,6
25,,25,1,6
26,,26,1,6
27,,27,1,2
28,,28,1,8
29,,29,1,8
30,,30,1,2
31,,31,1,7
32,,32,1,6
33,,33,1,2
34,,34,1,10
35,,35,1,11
36,,36,1,11
37,,37,1,10
38,,38,1,10
39,,39,1,10
40,,40,1,23
41,,41,1,10
42,,42,1,19
43,,43,1,22
44,,44,1,10
45,,45,1,21
46,,46,1,20
47,,47,1,10
48,,48,1,10
49,,49,1,19
50,,50,1,18
51,,51,1,17
52,,52,1,10
53,,53,1,10
54,,54,1,2
55,,55,1,10
56,,56,1,16
57,,57,1,15
58,,58,1,14
59,,59,1,2
60,,60,1,13
61,,61,1,12
62,,62,1,12
63,,63,1,10
64,,64,1,10
65,,65,1,10
66,,38,1,11
67,,66,1,9
68,,67,1,10
69,,68,1,2
70,,69,1,2
71,,31,1,5
72,,70,1,2
73,,71,1,5
74,,72,1,5
75,,25,1,5
76,,73,1,5
77,,3,1,2
78,,74,1,6
79,,75,1,5
80,,76,1,1
81,,77,1,6
82,,78,1,5
83,,79,1,2
84,,80,1,1
85,,81,1,2
86,,68,1,24
87,,13,2,1
88,,76,2,6
89,,1,2,1
90,,80,2,1
91,,18,2,1
92,,24,2,6
93,,19,2,2
94,,82,2,25
95,,5,2,5
96,,8,2,5
97,,83,2,6
98,,31,2,2
99,,12,2,5
100,,75,2,5
101,,32,2,6
102,,78,2,5
103,,84,2,25
104,,4,2,5
105,,26,2,6
106,,27,2,5
107,,85,2,26
108,,40,2,10
109,,86,2,10
110,,48,2,10
111,,87,2,10
112,,88,2,33
113,,89,2,29
114,,59,2,23
115,,90,2,10
116,,46,2,11
117,,38,2,11
118,,91,2,10
119,,92,2,10
120,,65,2,10
121,,60,2,10
122,,36,2,11
123,,41,2,28
124,,51,2,30
125,,63,2,10
126,,93,2,10
127,,94,2,32
128,,95,2,21
129,,34,2,10
130,,37,2,10
131,,49,2,10
132,,67,2,29
133,,96,2,10
134,,53,2,10
135,,97,2,31
136,,98,2,10
137,,99,2,27
138,,42,2,19
139,,47,2,11
140,,52,2,2
141,,100,2,9
142,,101,2,5
143,,71,2,5
144,,19,2,5
145,,2,2,1
146,,27,2,6
147,,3,2,6
148,,72,2,5
149,,102,2,8
150,,29,2,8
151,,103,2,8
152,,28,2,8
153,,104,2,2
154,,18,2,2
155,,68,2,1
156,,3,2,34
157,,21,2,34
158,,10,2,4
159,,6,2,4
160,,105,2,5
161,,14,2,3
162,,106,2,2
163,,16,2,2
164,,107,2,2
165,,108,2,5
166,,81,2,1
167,,70,2,2
168,,30,2,35
169,,109,2,6
170,,110,2,34
171,,111,2,2
172,,112,2,5
173,,15,2,2
174,,113,2,2
175,,76,3,6
176,,83,3,6
177,,114,3,36
178,,115,3,38
179,,116,3,7
180,,18,3,2
181,,85,3,6
182,,117,3,7
183,,15,3,8
184,,1,3,6
185,,103,3,6
186,,31,3,2
187,,82,3,25
188,,118,3,25
189,,28,3,36
190,,119,3,25
191,,84,3,25
192,,120,3,37
193,,121,3,26
194,,5,3,6
195,,122,3,8
196,,49,3,28
197,,58,3,10
198,,65,3,10
199,,46,3,19
200,,123,3,10
201,,124,3,10
202,,125,3,10
203,,42,3,10
204,,98,3,10
205,,34,3,10
206,,48,3,10
207,,126,3,9
208,,100,3,10
209,,60,3,20
210,,127,3,33
211,,128,3,27
212,,99,3,10
213,,95,3,10
214,,59,3,19
215,,87,3,19
216,,52,3,10
217,,54,3,31
218,,97,3,10
219,,38,3,11
220,,91,3,10
221,,129,3,10
222,,63,3,10
223,,50,3,10
224,,130,3,10
225,,96,3,10
226,,24,3,6
227,,89,3,20
228,,88,3,10
229,,131,3,7
230,,132,3,25
231,,133,3,6
232,,12,3,36
233,,134,3,25
234,,135,3,26
235,,136,3,8
236,,137,3,25
237,,138,3,39
238,,82,3,4
239,,29,3,8
240,,8,3,2
241,,4,3,25
242,,79,3,6
243,,15,3,36
244,,32,3,3
245,,12,3,8
246,,139,3,6
247,,140,3,40
248,,141,3,40
249,,3,3,7
250,,142,3,6
251,,143,3,40
252,,32,3,6
253,,144,3,3
254,,145,3,40
255,,146,3,2
256,,147,3,38
257,,105,3,25
258,,29,3,36
259,,16,3,7
260,,148,3,2
261,,149,3,39
262,,134,3,6
263,,150,3,26
264,,151,3,37
265,,12,3,25
266,,152,3,26
267,,153,3,41
268,,154,3,37
269,,155,3,26
270,,156,3,41
271,,157,3,41
272,,158,3,41
273,,159,3,6
274,,81,3,26
275,,68,3,2
276,,160,3,26
277,,161,3,26
278,,26,3,6
279,,109,3,2
280,,162,3,2
281,,163,3,25
282,,132,3,8
283,,27,3,2
284,,115,3,7
285,,82,3,40
286,,30,3,2
287,,164,3,35
288,,165,3,2
289,,120,3,6
290,,166,3,42
291,,24,4,6
292,,26,4,6
293,,27,4,2
294,,131,4,6
295,,167,4,2
296,,114,4,36
297,,31,4,36
298,,29,4,36
299,,168,4,7
300,,116,4,7
301,,28,4,36
302,,13,4,2
303,,68,4,2
304,,1,4,6
305,,169,4,36
306,,170,4,8
307,,171,4,7
308,,99,4,10
309,,123,4,10
310,,46,4,10
311,,65,4,10
312,,63,4,10
313,,43,4,10
314,,48,4,10
315,,172,4,10
316,,58,4,10
317,,128,4,10
318,,173,4,20
319,,38,4,28
320,,95,4,28
321,,50,4,28
322,,51,4,10
323,,91,4,10
324,,130,4,10
325,,93,4,10
326,,87,4,28
327,,124,4,29
328,,35,4,10
329,,97,4,10
330,,88,4,10
331,,67,4,10
332,,41,4,10
333,,174,4,10
334,,175,4,10
335,,176,4,10
336,,57,4,10
337,,54,4,10
338,,129,4,28
339,,86,4,43
340,,44,4,28
341,,55,4,10
342,,95,4,10
343,,46,4,19
344,,34,4,10
345,,177,4,9
346,,50,4,10
347,,178,4,10
348,,130,4,31
349,,176,4,44
350,,88,4,20
351,,18,4,2
352,,5,4,6
353,,119,4,25
354,,82,4,40
355,,145,4,40
356,,12,4,40
357,,179,4,36
358,,115,4,7
359,,142,4,40
360,,118,4,25
361,,104,4,2
362,,180,4,36
363,,132,4,25
364,,101,4,40
365,,12,4,2
366,,181,4,8
367,,135,4,26
368,,6,4,7
369,,4,4,25
370,,19,4,35
371,,82,4,7
372,,15,4,40
373,,164,4,35
374,,32,4,7
375,,182,4,7
376,,22,4,40
377,,183,4,25
378,,184,4,40
379,,105,4,25
380,,147,4,7
381,,108,4,6
382,,185,4,26
383,,186,4,7
384,,160,4,26
385,,158,4,41
386,,153,4,41
387,,187,4,26
388,,188,4,45
389,,189,4,26
390,,154,4,26
391,,190,4,37
392,,191,4,6
393,,157,4,37
394,,192,4,26
395,,120,4,37
396,,193,4,26
397,,194,4,2
398,,122,4,6
399,,195,4,25
400,,109,4,2
401,,85,4,6
402,,196,4,2
403,,197,4,2
404,,198,4,6
405,,15,4,2
406,,183,4,40
407,,139,4,6
408,,199,4,25
409,,13,5,2
410,,1,5,6
411,,27,5,6
412,,29,5,6
413,,164,5,36
414,,31,5,2
415,,15,5,2
416,,18,5,2
417,,198,5,6
418,,114,5,36
419,,131,5,6
420,,104,5,2
421,,179,5,2
422,,200,5,36
423,,201,5,2
424,,5,5,6
425,,196,5,2
426,,169,5,2
427,,99,5,10
428,,124,5,28
429,,48,5,10
430,,49,5,10
431,,46,5,10
432,,86,5,10
433,,63,5,10
434,,177,5,47
435,,55,5,10
436,,43,5,10
437,,202,5,10
438,,178,5,20
439,,51,5,10
440,,123,5,10
441,,34,5,10
442,,65,5,10
443,,88,5,10
444,,95,5,28
445,,41,5,28
446,,87,5,28
447,,129,5,10
448,,38,5,10
449,,64,5,10
450,,175,5,10
451,,173,5,10
452,,125,5,46
453,,203,5,20
454,,130,5,20
455,,204,5,10
456,,127,5,10
457,,58,5,10
458,,205,5,10
459,,97,5,30
460,,128,5,30
461,,50,5,10
462,,88,5,22
463,,172,5,22
464,,176,5,22
465,,88,5,29
466,,130,5,29
467,,172,5,10
468,,44,5,10
469,,54,5,31
470,,206,5,31
471,,207,5,29
472,,127,5,29
473,,208,5,10
474,,82,5,2
475,,101,5,36
476,,197,5,2
477,,132,5,36
478,,108,5,6
479,,13,5,48
480,,209,5,48
481,,28,5,6
482,,26,5,2
483,,115,5,2
484,,185,5,48
485,,142,5,2
486,,118,5,25
487,,181,5,36
488,,210,5,36
489,,24,5,2
490,,6,5,7
491,,211,5,40
492,,212,5,40
493,,213,5,40
494,,214,5,7
495,,215,5,40
496,,216,5,2
497,,217,5,40
498,,3,5,6
499,,218,5,36
500,,119,5,49
501,,32,5,7
502,,117,5,7
503,,116,5,7
504,,186,5,7
505,,76,5,6
506,,194,5,48
507,,160,5,50
508,,180,5,36
509,,5,5,2
510,,24,5,6
511,,219,5,2
512,,111,5,2
513,,220,5,2
514,,24,5,51
515,,26,5,51
516,,13,6,48
517,,1,6,6
518,,27,6,6
519,,29,6,6
520,,198,6,6
521,,185,6,48
522,,82,6,48
523,,209,6,48
524,,179,6,2
525,,31,6,2
526,,114,6,2
527,,196,6,2
528,,197,6,2
529,,169,6,2
530,,218,6,2
531,,221,6,36
532,,222,6,51
533,,26,6,51
534,,223,6,2
535,,24,6,51
536,,164,6,36
537,,170,6,36
538,,224,6,2
539,,19,6,51
540,,210,6,36
541,,132,6,6
542,,76,6,6
543,,31,6,6
544,,28,6,36
545,,103,6,48
546,,131,6,49
547,,5,6,2
548,,118,6,2
549,,225,6,25
550,,129,6,10
551,,43,6,10
552,,38,6,10
553,,51,6,10
554,,176,6,28
555,,41,6,10
556,,208,6,10
557,,88,6,10
558,,226,6,10
559,,205,6,10
560,,172,6,10
561,,44,6,10
562,,46,6,28
563,,227,6,10
564,,128,6,27
565,,58,6,52
566,,177,6,47
567,,178,6,10
568,,123,6,10
569,,228,6,27
570,,65,6,10
571,,229,6,29
572,,34,6,10
573,,230,6,30
574,,231,6,10
575,,124,6,28
576,,99,6,10
577,,48,6,10
578,,232,6,10
579,,97,6,28
580,,233,6,10
581,,203,6,10
582,,55,6,20
583,,63,6,10
584,,125,6,46
585,,12,6,2
586,,222,6,6
587,,131,6,6
588,,234,6,36
589,,12,6,6
590,,214,6,2
591,,21,6,2
592,,76,6,48
593,,235,6,36
594,,31,6,49
595,,115,6,49
596,,236,6,7
597,,145,6,40
598,,119,6,2
599,,142,6,2
600,,21,6,40
601,,22,6,40
602,,212,6,40
603,,103,6,2
604,,183,6,40
605,,199,6,2
606,,237,6,36
607,,26,6,6
608,,238,6,53
609,,13,7,6
610,,196,7,6
611,,114,7,2
612,,131,7,2
613,,109,7,2
614,,239,7,2
615,,240,7,6
616,,241,7,2
617,,223,7,2
618,,82,7,2
619,,119,7,6
620,,238,7,2
621,,169,7,2
622,,222,7,6
623,,27,7,2
624,,234,7,36
625,,164,7,36
626,,101,7,36
627,,224,7,2
628,,214,7,2
629,,28,7,36
630,,5,7,2
631,,29,7,49
632,,31,7,49
633,,242,7,6
634,,131,7,34
635,,243,7,34
636,,19,7,2
637,,44,7,9
638,,65,7,10
639,,177,7,47
640,,34,7,10
641,,66,7,10
642,,129,7,28
643,,244,7,10
644,,97,7,10
645,,125,7,19
646,,98,7,20
647,,50,7,28
648,,63,7,10
649,,245,7,10
650,,232,7,10
651,,128,7,28
652,,246,7,28
653,,67,7,10
654,,205,7,10
655,,124,7,28
656,,58,7,10
657,,247,7,10
658,,38,7,10
659,,203,7,10
660,,230,7,10
661,,172,7,10
662,,248,7,10
663,,229,7,10
664,,88,7,10
665,,226,7,10
666,,231,7,10
667,,233,7,10
668,,49,7,10
669,,176,7,28
670,,43,7,10
671,,132,7,6
672,,26,7,2
673,,101,7,6
674,,249,7,40
675,,111,7,2
676,,131,7,49
677,,103,7,2
678,,234,7,2
679,,250,7,6
680,,29,7,54
681,,251,7,49
682,,183,7,40
683,,6,7,7
684,,252,7,40
685,,142,7,2
686,,253,7,2
687,,198,7,2
688,,254,7,40
689,,255,7,55
690,,236,7,2
691,,216,7,34
692,,27,7,49
693,,220,7,2
694,,256,7,36
695,,31,7,2
696,,216,7,40
697,,18,7,2
698,,103,7,36
699,,76,7,49
700,,257,7,2
701,,258,7,40
702,,259,7,6
703,,13,8,2
704,,114,8,2
705,,169,8,2
706,,31,8,2
707,,250,8,6
708,,27,8,6
709,,259,8,6
710,,119,8,6
711,,224,8,6
712,,257,8,2
713,,82,8,2
714,,260,8,6
715,,238,8,2
716,,222,8,6
717,,131,8,6
718,,196,8,6
719,,243,8,49
720,,261,8,2
721,,262,8,40
722,,29,8,6
723,,236,8,7
724,,242,8,2
725,,216,8,34
726,,263,8,40
727,,214,8,2
728,,82,8,49
729,,142,8,34
730,,185,8,2
731,,103,8,2
732,,258,8,7
733,,65,8,52
734,,58,8,52
735,,124,8,28
736,,43,8,10
737,,88,8,10
738,,233,8,10
739,,175,8,10
740,,205,8,10
741,,244,8,47
742,,50,8,19
743,,248,8,10
744,,176,8,28
745,,245,8,10
746,,227,8,28
747,,38,8,10
748,,34,8,10
749,,177,8,10
750,,125,8,10
751,,264,8,10
752,,247,8,10
753,,226,8,56
754,,63,8,10
755,,265,8,28
756,,266,8,10
757,,128,8,10
758,,267,8,10
759,,232,8,10
760,,172,8,10
761,,203,8,10
762,,97,8,19
763,,49,8,9
764,,230,8,10
765,,268,8,10
766,,269,8,7
767,,262,8,49
768,,142,8,49
769,,270,8,34
770,,142,8,7
771,,6,8,7
772,,263,8,2
773,,183,8,34
774,,258,8,34
775,,253,8,2
776,,188,8,57
777,,271,8,7
778,,272,8,57
779,,273,8,7
780,,198,8,57
781,,111,8,2
782,,274,8,7
783,,275,8,7
784,,220,8,2
785,,82,9,7
786,,196,9,6
787,,131,9,6
788,,13,9,2
789,,114,9,2
790,,31,9,2
791,,169,9,2
792,,111,9,2
793,,214,9,2
794,,119,9,6
795,,29,9,7
796,,236,9,7
797,,31,9,34
798,,276,9,58
799,,259,9,6
800,,257,9,2
801,,277,9,58
802,,142,9,7
803,,82,9,49
804,,114,9,34
805,,242,9,2
806,,243,9,49
807,,262,9,49
808,,216,9,7
809,,278,9,2
810,,239,9,2
811,,279,9,40
812,,255,9,40
813,,280,9,2
814,,281,9,2
815,,282,9,35
816,,238,9,35
817,,216,9,34
818,,283,9,40
819,,284,9,2
820,,19,9,2
821,,272,9,57
822,,261,9,2
823,,124,9,52
824,,285,9,52
825,,233,9,10
826,,38,9,52
827,,58,9,52
828,,125,9,9
829,,177,9,47
830,,286,9,9
831,,128,9,10
832,,267,9,10
833,,232,9,10
834,,34,9,10
835,,247,9,28
836,,245,9,10
837,,287,9,28
838,,288,9,28
839,,266,9,10
840,,43,9,10
841,,228,9,10
842,,97,9,19
843,,246,9,10
844,,265,9,28
845,,176,9,10
846,,227,9,56
847,,248,9,19
848,,244,9,10
849,,66,9,9
850,,203,9,9
851,,205,9,10
852,,289,9,10
853,,290,9,10
854,,291,9,10
855,,292,9,28
856,,240,9,6
857,,29,9,2
858,,187,9,2
859,,293,9,2
860,,49,9,2
861,,29,9,34
862,,294,9,2
863,,295,9,7
864,,263,9,40
865,,296,9,58
866,,183,9,40
867,,297,9,7
868,,188,9,57
869,,273,9,7
870,,293,9,6
871,,263,9,58
872,,187,9,7
873,,298,9,7
874,,185,9,2
875,,275,9,7
876,,271,9,7
877,,276,9,2
878,,282,9,2
879,,257,9,34
880,,183,9,7
881,,299,9,7
882,,300,9,7
883,,301,9,7
884,,302,9,7
885,,236,10,59
886,,243,10,6
887,,29,10,59
888,,293,10,6
889,,297,10,59
890,,142,10,60
891,,82,10,59
892,,216,10,34
893,,31,10,34
894,,257,10,34
895,,114,10,6
896,,277,10,58
897,,261,10,59
898,,259,10,57
899,,276,10,6
900,,253,10,58
901,,263,10,59
902,,242,10,2
903,,303,10,59
904,,304,10,59
905,,280,10,57
906,,305,10,58
907,,306,10,59
908,,281,10,2
909,,97,10,9
910,,58,10,9
911,,176,10,19
912,,38,10,52
913,,289,10,52
914,,233,10,52
915,,46,10,10
916,,128,10,10
917,,43,10,10
918,,288,10,28
919,,50,10,28
920,,244,10,23
921,,226,10,56
922,,172,10,10
923,,307,10,10
924,,308,10,10
925,,265,10,28
926,,232,10,28
927,,44,10,9
928,,66,10,9
929,,267,10,28
930,,177,10,10
931,,231,10,62
932,,309,10,47
933,,245,10,10
934,,310,10,10
935,,248,10,61
936,,227,10,10
937,,286,10,10
938,,266,10,63
939,,311,10,10
940,,291,10,19
941,,124,10,52
942,,312,10,58
943,,272,10,57
944,,294,10,64
945,,142,10,64
946,,240,10,6
947,,272,10,2
948,,313,10,2
949,,82,10,34
950,,314,10,6
951,,295,10,60
952,,315,10,60
953,,316,10,2
954,,296,10,58
955,,317,10,67
956,,318,10,59
957,,319,10,59
958,,263,10,67
959,,183,10,59
960,,185,10,60
961,,320,10,58
962,,271,10,65
963,,321,10,59
964,,243,10,49
965,,322,10,59
966,,323,10,59
967,,324,10,66
968,,325,10,58
969,,326,10,59
970,,327,10,59
971,,185,10,34
972,,328,10,60
973,,242,10,59
974,,282,10,2
975,,183,10,60
976,,259,10,6
977,,329,10,57
978,,97,10,10
979,,260,10,69
980,,313,10,68
981,,31,10,59
982,,330,10,67
983,,331,10,40
984,,332,10,2
985,,297,11,59
986,,276,11,6
987,,82,11,59
988,,29,11,59
989,,169,11,60
990,,259,11,6
991,,312,11,58
992,,257,11,34
993,,293,11,6
994,,333,11,58
995,,27,11,6
996,,334,11,60
997,,261,11,70
998,,335,11,2
999,,336,11,2
1000,,31,11,59
1001,,236,11,59
1002,,277,11,34
1003,,296,11,58
1004,,337,11,2
1005,,338,11,2
1006,,242,11,2
1007,,82,11,58
1008,,243,11,59
1009,,339,11,6
1010,,314,11,34
1011,,142,11,59
1012,,317,11,59
1013,,340,11,58
1014,,29,11,60
1015,,253,11,59
1016,,271,11,65
1017,,261,11,60
1018,,341,11,71
1019,,242,11,72
1020,,342,11,71
1021,,295,11,60
1022,,58,11,9
1023,,97,11,9
1024,,289,11,52
1025,,309,11,47
1026,,176,11,19
1027,,128,11,27
1028,,343,11,9
1029,,244,11,73
1030,,344,11,27
1031,,245,11,10
1032,,311,11,52
1033,,46,11,28
1034,,208,11,28
1035,,50,11,10
1036,,95,11,9
1037,,310,11,73
1038,,228,11,10
1039,,345,11,61
1040,,124,11,52
1041,,49,11,9
1042,,265,11,17
1043,,177,11,10
1044,,38,11,9
1045,,346,11,52
1046,,288,11,10
1047,,230,11,10
1048,,233,11,52
1049,,92,11,10
1050,,308,11,52
1051,,291,11,9
1052,,66,11,9
1053,,226,11,17
1054,,287,11,10
1055,,318,11,59
1056,,272,11,59
1057,,347,11,58
1058,,142,11,64
1059,,240,11,59
1060,,304,11,59
1061,,348,11,6
1062,,321,11,58
1063,,216,11,58
1064,,335,11,72
1065,,243,11,49
1066,,339,11,71
1067,,320,11,58
1068,,29,11,64
1069,,341,11,59
1070,,183,11,59
1071,,322,11,60
1072,,342,11,59
1073,,328,11,60
1074,,282,11,72
1075,,185,11,57
1076,,188,11,57
1077,,349,11,59
1078,,187,11,59
1079,,350,11,70
1080,,351,11,60
1081,,242,11,60
1082,,352,11,59
1083,,353,11,59
1084,,214,11,2
1085,,293,11,59
1086,,354,11,58
1087,,259,11,60
1088,,305,11,72
1089,,355,11,2
1090,,271,11,60
1091,,216,11,59
1092,,82,12,74
1093,,339,12,6
1094,,293,12,6
1095,,259,12,6
1096,,314,12,57
1097,,297,12,59
1098,,29,12,60
1099,,276,12,74
1100,,185,12,57
1101,,347,12,74
1102,,340,12,59
1103,,257,12,57
1104,,243,12,34
1105,,356,12,74
1106,,236,12,59
1107,,277,12,34
1108,,312,12,74
1109,,318,12,74
1110,,261,12,59
1111,,304,12,55
1112,,240,12,55
1113,,326,12,74
1114,,272,12,57
1115,,295,12,74
1116,,240,12,6
1117,,357,12,59
1118,,358,12,60
1119,,304,12,74
1120,,348,12,74
1121,,273,12,74
1122,,187,12,74
1123,,359,12,6
1124,,142,12,59
1125,,242,12,75
1126,,360,12,59
1127,,361,12,74
1128,,271,12,65
1129,,362,12,74
1130,,322,12,77
1131,,82,12,76
1132,,183,12,76
1133,,327,12,74
1134,,363,12,74
1135,,364,12,60
1136,,295,12,59
1137,,348,12,6
1138,,188,12,57
1139,,365,12,78
1140,,366,12,59
1141,,367,12,59
1142,,368,12,59
1143,,366,12,60
1144,,369,12,79
1145,,370,12,6
1146,,371,12,80
1147,,261,12,74
1148,,183,12,59
1149,,372,12,80
1150,,373,12,75
1151,,101,12,55
1152,,351,12,59
1153,,374,12,74
1154,,375,12,59
1155,,376,12,59
1156,,377,12,74
1157,,378,12,59
1158,,240,12,74
1159,,354,12,74
1160,,343,12,74
1161,,379,12,59
1162,,380,12,74
1163,,277,13,34
1164,,326,13,74
1165,,293,13,6
1166,,359,13,6
1167,,362,13,59
1168,,272,13,57
1169,,257,13,57
1170,,357,13,59
1171,,347,13,74
1172,,370,13,6
1173,,339,13,34
1174,,312,13,74
1175,,261,13,74
1176,,187,13,55
1177,,314,13,57
1178,,297,13,59
1179,,142,13,81
1180,,340,13,81
1181,,236,13,74
1182,,381,13,57
1183,,382,13,57
1184,,29,13,74
1185,,358,13,6
1186,,348,13,6
1187,,383,13,74
1188,,357,13,34
1189,,261,13,82
1190,,371,13,74
1191,,372,13,80
1192,,273,13,34
1193,,304,13,74
1194,,368,13,74
1195,,314,13,82
1196,,363,13,34
1197,,384,13,57
1198,,357,13,7
1199,,383,13,82
1200,,385,13,58
1201,,315,13,57
1202,,386,13,74
1203,,295,13,59
1204,,387,13,55
1205,,388,13,74
1206,,187,13,82
1207,,389,13,74
1208,,322,13,74
1209,,368,13,55
1210,,322,13,77
1211,,390,13,57
1212,,371,13,57
1213,,304,13,84
1214,,236,13,83
1215,,384,13,82
1216,,360,13,59
1217,,391,13,82
1218,,389,13,82
1219,,363,13,74
1220,,374,13,74
1221,,373,13,75
1222,,336,13,85
1223,,392,13,86
1224,,376,13,74
1225,,393,13,74
1226,,378,13,59
1227,,394,13,59
1228,,354,13,74
1229,,395,13,74
1230,,396,13,59
1231,,397,13,34
1232,,398,13,74
1233,,399,13,87
1234,,400,13,88
1235,,401,13,74
1236,,402,13,74
1237,,403,13,74
1238,,277,14,34
1239,,339,14,34
1240,,297,14,59
1241,,340,14,6
1242,,362,14,59
1243,,326,14,74
1244,,257,14,59
1245,,347,14,74
1246,,236,14,74
1247,,312,14,82
1248,,348,14,6
1249,,29,14,81
1250,,314,14,83
1251,,354,14,82
1252,,383,14,82
1253,,404,14,81
1254,,360,14,74
1255,,293,14,89
1256,,359,14,89
1257,,368,14,82
1258,,295,14,90
1259,,387,14,90
1260,,336,14,85
1261,,358,14,34
1262,,272,14,57
1263,,304,14,81
1264,,236,14,83
1265,,312,14,91
1266,,385,14,74
1267,,405,14,6
1268,,406,14,57
1269,,29,14,74
1270,,293,14,82
1271,,261,14,82
1272,,407,14,74
1273,,408,14,81
1274,,368,14,81
1275,,409,14,77
1276,,328,14,59
1277,,101,14,74
1278,,327,14,74
1279,,392,14,86
1280,,29,14,34
1281,,407,14,81
1282,,410,14,74
1283,,358,14,6
1284,,411,14,60
1285,,373,14,92
1286,,391,14,82
1287,,386,14,57
1288,,369,14,79
1289,,412,14,93
1290,,97,14,82
1291,,413,14,74
1292,,261,14,81
1293,,378,14,82
1294,,379,14,74
1295,,414,14,93
1296,,415,14,34
1297,,404,14,82
1298,,416,14,59
1299,,379,14,58
1300,,417,14,74
1301,,396,14,59
1302,,399,14,87
1303,,418,14,60
1304,,419,14,94
1305,,420,14,1
1306,,421,14,83
1307,,398,14,74
1308,,403,14,87
1309,,422,14,82
1310,,395,14,74
1311,,277,15,34
1312,,339,15,34
1313,,385,15,74
1314,,347,15,74
1315,,257,15,59
1316,,407,15,82
1317,,408,15,95
1318,,383,15,82
1319,,293,15,59
1320,,358,15,6
1321,,314,15,95
1322,,29,15,34
1323,,236,15,95
1324,,297,15,59
1325,,340,15,6
1326,,326,15,91
1327,,404,15,82
1328,,423,15,82
1329,,360,15,82
1330,,312,15,82
1331,,101,15,90
1332,,359,15,34
1333,,362,15,34
1334,,257,15,96
1335,,383,15,96
1336,,272,15,57
1337,,312,15,91
1338,,423,15,74
1339,,383,15,95
1340,,257,15,95
1341,,410,15,74
1342,,424,15,59
1343,,409,15,96
1344,,326,15,82
1345,,425,15,97
1346,,426,15,34
1347,,406,15,74
1348,,427,15,98
1349,,188,15,59
1350,,428,15,96
1351,,404,15,74
1352,,405,15,6
1353,,328,15,99
1354,,429,15,96
1355,,396,15,59
1356,,379,15,74
1357,,378,15,96
1358,,413,15,6
1359,,415,15,74
1360,,347,16,74
1361,,340,16,6
1362,,277,16,34
1363,,410,16,74
1364,,297,16,59
1365,,430,16,34
1366,,383,16,96
1367,,236,16,95
1368,,431,16,97
1369,,420,16,1
1370,,362,16,82
1371,,425,16,96
1372,,403,16,102
1373,,421,16,97
1374,,358,16,6
1375,,408,16,95
1376,,257,16,95
1377,,428,16,59
1378,,396,16,59
1379,,314,16,95
1380,,418,16,103
1381,,395,16,74
1382,,399,16,101
1383,,419,16,94
1384,,398,16,74
1385,,432,16,74
1386,,433,16,102
1387,,434,16,94
1388,,435,16,100
1389,,436,16,60
1390,,437,16,59
1391,,438,16,95
1392,,431,16,74
1393,,426,16,82
1394,,427,16,98
1395,,407,16,82
1396,,339,16,98
1397,,304,16,34
1398,,312,16,82
1399,,261,16,34
1400,,404,16,82
1401,,409,16,96
1402,,439,16,59
1403,,440,16,103
1404,,441,16,74
1405,,406,16,74
1406,,372,16,34
1407,,409,16,95
1408,,371,16,6
1409,,429,16,74
1410,,359,16,95
1411,,442,16,34
1412,,413,16,6
1413,,443,16,6
1414,,415,16,74
1415,,443,16,82
1416,,405,16,6
1417,,430,17,34
1418,,358,17,6
1419,,277,17,34
1420,,443,17,34
1421,,339,17,60
1422,,444,17,60
1423,,257,17,60
1424,,347,17,74
1425,,428,17,60
1426,,383,17,96
1427,,410,17,82
1428,,236,17,105
1429,,340,17,6
1430,,438,17,95
1431,,297,17,104
1432,,408,17,95
1433,,314,17,107
1434,,383,17,60
1435,,297,17,106
1436,,385,17,82
1437,,352,17,34
1438,,324,17,6
1439,,438,17,105
1440,,424,17,96
1441,,404,17,60
1442,,413,17,74
1443,,257,17,95
1444,,340,17,60
1445,,445,17,95
1446,,446,17,109
1447,,326,17,108
1448,,405,17,6
1449,,429,17,74
1450,,359,17,6
1451,,347,17,82
1452,,339,17,98
1453,,314,17,110
1454,,293,17,107
1455,,404,17,96
1456,,385,17,74
1457,,312,17,34
1458,,427,17,98
1459,,413,17,82
1460,,443,17,107
1461,,443,17,110
1462,,415,17,60
1463,,413,18,60
1464,,396,18,59
1465,,340,18,98
1466,,438,18,105
1467,,408,18,95
1468,,236,18,105
1469,,434,18,95
1470,,447,18,95
1471,,403,18,101
1472,,448,18,82
1473,,314,18,107
1474,,383,18,60
1475,,428,18,60
1476,,410,18,34
1477,,257,18,60
1478,,347,18,82
1479,,277,18,82
1480,,430,18,34
1481,,404,18,6
1482,,297,18,112
1483,,358,18,6
1484,,448,18,34
1485,,347,18,74
1486,,314,18,110
1487,,449,18,111
1488,,450,18,111
1489,,339,18,107
1490,,347,18,94
1491,,324,18,6
1492,,405,18,6
1493,,445,18,82
1494,,277,18,94
1495,,444,18,60
1496,,445,18,34
1497,,297,18,110
1498,,451,18,34
1499,,452,18,60
1500,,444,18,105
1501,,453,18,113
1502,,454,18,94
1503,,452,18,97
1504,,451,18,81
1505,,455,18,111
1506,,456,18,114
1507,,457,18,81
1508,,458,18,114
1509,,459,18,111
1510,,426,18,60
1511,,460,18,82
1512,,461,18,94
1513,,462,18,107
1514,,463,18,59
1515,,455,18,60
1516,,359,18,94
1517,,405,18,110
1518,,450,18,104
1519,,415,18,94
1520,,464,18,6
1521,,415,18,82
1522,,347,19,94
1523,,277,19,94
1524,,428,19,105
1525,,404,19,6
1526,,438,19,112
1527,,450,19,116
1528,,383,19,60
1529,,340,19,98
1530,,396,19,105
1531,,433,19,95
1532,,314,19,110
1533,,455,19,6
1534,,257,19,60
1535,,430,19,116
1536,,403,19,87
1537,,465,19,59
1538,,413,19,34
1539,,236,19,105
1540,,466,19,6
1541,,410,19,34
1542,,467,19,60
1543,,434,19,105
1544,,405,19,115
1545,,438,19,104
1546,,467,19,115
1547,,297,19,104
1548,,383,19,94
1549,,448,19,34
1550,,426,19,34
1551,,304,19,115
1552,,450,19,111
1553,,449,19,116
1554,,454,19,94
1555,,257,19,112
1556,,453,19,105
1557,,314,19,105
1558,,468,19,115
1559,,449,19,115
1560,,459,19,98
1561,,469,19,115
1562,,457,19,81
1563,,458,19,105
1564,,297,19,117
1565,,451,19,98
1566,,470,19,6
1567,,425,19,34
1568,,471,19,111
1569,,314,19,104
1570,,472,19,94
1571,,438,19,117
1572,,473,19,34
1573,,474,19,94
1574,,257,19,98
1575,,415,19,94
1576,,430,20,116
1577,,277,20,94
1578,,438,20,104
1579,,383,20,94
1580,,297,20,104
1581,,450,20,116
1582,,454,20,34
1583,,403,20,105
1584,,420,20,105
1585,,428,20,94
1586,,340,20,34
1587,,413,20,34
1588,,404,20,6
1589,,236,20,97
1590,,474,20,94
1591,,396,20,94
1592,,455,20,97
1593,,465,20,104
1594,,448,20,97
1595,,426,20,94
1596,,468,20,60
1597,,453,20,97
1598,,450,20,104
1599,,468,20,104
1600,,475,20,94
1601,,413,20,6
1602,,257,20,94
1603,,470,20,104
1604,,454,20,118
1605,,449,20,116
1606,,305,20,94
1607,,472,20,34
1608,,462,20,107
1609,,476,20,95
1610,,477,20,34
1611,,236,21,83
1612,,438,21,104
1613,,430,21,119
1614,,450,21,111
1615,,475,21,58
1616,,277,21,58
1617,,471,21,111
1618,,396,21,58
1619,,413,21,34
1620,,383,21,119
1621,,420,21,83
1622,,434,21,58
1623,,428,21,58
1624,,455,21,6
1625,,340,21,104
1626,,477,21,34
1627,,449,21,119
1628,,297,21,104
1629,,448,21,85
1630,,474,21,119
1631,,478,21,83
1632,,454,21,34
1633,,404,21,119
1634,,466,21,120
1635,,479,21,58
1636,,480,21,119
1637,,481,21,6
1638,,470,21,83
1639,,482,21,6
1640,,483,21,119
1641,,484,21,104
1642,,314,21,104
1643,,305,21,58
1644,,453,21,121
1645,,485,21,58
1646,,340,21,122
1647,,467,21,85
1648,,457,21,119
1649,,486,21,85
1650,,257,21,104
1651,,487,21,120
1652,,430,21,123
1653,,488,21,58
1654,,470,21,122
1655,,489,21,83
1656,,490,21,34
1657,,474,22,6
1658,,430,22,123
1659,,482,22,6
1660,,488,22,94
1661,,404,22,111
1662,,438,22,117
1663,,467,22,122
1664,,455,22,6
1665,,277,22,83
1666,,480,22,124
1667,,471,22,124
1668,,478,22,122
1669,,466,22,125
1670,,485,22,94
1671,,340,22,122
1672,,483,22,123
1673,,491,22,34
1674,,413,22,34
1675,,434,22,83
1676,,383,22,34
1677,,396,22,124
1678,,433,22,83
1679,,484,22,117
1680,,257,22,117
1681,,479,22,124
1682,,450,22,111
1683,,486,22,83
1684,,492,22,124
1685,,493,22,122
1686,,494,22,126
1687,,495,22,124
1688,,496,22,124
1689,,480,22,125
1690,,487,22,124
1691,,488,22,126
1692,,470,22,122
1693,,497,22,124
1694,,434,22,94
1695,,454,22,117
1696,,468,22,34
1697,,487,22,125
1698,,484,22,34
1699,,498,22,34
1700,,499,22,124
1701,,407,22,122
1702,,485,22,126
1703,,500,22,124
1704,,453,22,121
1705,,501,22,117
1706,,477,22,34
1707,,305,22,94
1708,,502,22,83
1709,,451,22,117
1710,,503,22,34
1711,,504,22,122
1712,,423,22,123
1713,,430,23,123
1714,,438,23,117
1715,,455,23,6
1716,,482,23,6
1717,,486,23,122
1718,,480,23,119
1719,,505,23,83
1720,,471,23,119
1721,,491,23,34
1722,,498,23,34
1723,,499,23,119
1724,,485,23,58
1725,,483,23,123
1726,,488,23,34
1727,,423,23,117
1728,,474,23,6
1729,,466,23,122
1730,,277,23,83
1731,,494,23,58
1732,,484,23,34
1733,,479,23,34
1734,,404,23,111
1735,,478,23,119
1736,,396,23,122
1737,,506,23,119
1738,,450,23,34
1739,,407,23,122
1740,,434,23,58
1741,,507,23,83
1742,,497,23,119
1743,,467,23,117
1744,,487,23,127
1745,,487,23,6
1746,,508,23,123
1747,,509,23,6
1748,,454,23,34
1749,,471,23,128
1750,,470,23,127
1751,,510,23,129
1752,,340,23,122
1753,,488,23,58
1754,,492,23,119
1755,,472,23,34
1756,,511,23,117
1757,,504,23,122
1758,,467,23,34
1759,,485,24,58
1760,,483,24,123
1761,,430,24,123
1762,,455,24,6
1763,,438,24,117
1764,,507,24,83
1765,,482,24,34
1766,,423,24,117
1767,,509,24,6
1768,,497,24,119
1769,,500,24,119
1770,,450,24,34
1771,,491,24,130
1772,,480,24,58
1773,,499,24,34
1774,,505,24,83
1775,,407,24,122
1776,,506,24,122
1777,,487,24,130
1778,,512,24,122
1779,,513,24,131
1780,,466,24,122
1781,,511,24,117
1782,,514,24,123
1783,,433,24,130
1784,,454,24,131
1785,,434,24,58
1786,,471,24,119
1787,,277,24,131
1788,,466,24,83
1789,,404,24,127
1790,,515,24,119
1791,,516,24,119
1792,,488,24,119
1793,,517,24,132
1794,,471,24,130
1795,,518,24,83
1796,,519,24,122
1797,,520,24,119
1798,,521,24,130
1799,,493,24,130
1800,,455,24,117
1801,,478,24,83
1802,,404,24,123
1803,,486,24,130
1804,,484,24,34
1805,,455,24,130
1806,,467,24,131
1807,,438,25,117
1808,,499,25,6
1809,,482,25,6
1810,,407,25,117
1811,,450,25,34
1812,,508,25,123
1813,,505,25,83
1814,,491,25,119
1815,,471,25,34
1816,,485,25,117
1817,,522,25,81
1818,,518,25,83
1819,,480,25,58
1820,,277,25,81
1821,,455,25,58
1822,,523,25,83
1823,,524,25,119
1824,,510,25,34
1825,,511,25,123
1826,,506,25,122
1827,,509,25,130
1828,,515,25,119
1829,,519,25,122
1830,,423,25,131
1831,,500,25,131
1832,,525,25,119
1833,,526,25,58
1834,,514,25,123
1835,,434,25,117
1836,,515,25,133
1837,,422,25,58
1838,,527,25,130
1839,,467,25,131
1840,,486,25,135
1841,,404,25,134
1842,,517,25,83
1843,,493,25,130
1844,,528,25,132
1845,,529,25,83
1846,,530,25,136
1847,,531,25,83
1848,,532,25,122
1849,,488,25,119
1850,,533,25,131
1851,,523,25,130
1852,,530,25,131
1853,,506,25,83
1854,,534,25,130
1855,,535,25,122
1856,,484,25,81
1857,,516,25,136
1858,,470,25,122
1859,,536,25,83
1860,,537,25,138
1861,,491,25,137
1862,,538,25,119
1863,,539,25,136
1864,,540,25,130
1865,,541,25,134
1866,,451,25,117
1867,,542,25,122
1868,,478,25,81
1869,,526,25,133
1870,,538,25,132
1871,,534,25,122
1872,,543,25,83
1873,,544,25,83
1874,,474,25,140
1875,,543,25,122
1876,,501,25,139
1877,,519,25,117
1878,,404,25,34
1879,,461,25,83
1880,,539,25,83
1881,,486,25,58
1882,,485,26,117
1883,,515,26,133
1884,,505,26,83
1885,,482,26,6
1886,,508,26,123
1887,,499,26,6
1888,,501,26,139
1889,,455,26,58
1890,,525,26,119
1891,,277,26,81
1892,,511,26,123
1893,,530,26,143
1894,,478,26,81
1895,,519,26,117
1896,,506,26,83
1897,,509,26,141
1898,,474,26,140
1899,,538,26,34
1900,,480,26,58
1901,,540,26,141
1902,,507,26,142
1903,,518,26,122
1904,,500,26,143
1905,,478,26,144
1906,,545,26,58
1907,,514,26,58
1908,,434,26,117
1909,,546,26,34
1910,,526,26,123
1911,,536,26,119
1912,,547,26,141
1913,,548,26,132
1914,,510,26,81
1915,,549,26,133
1916,,277,26,144
1917,,550,26,133
1918,,510,26,144
1919,,547,26,144
1920,,551,26,141
1921,,526,26,141
1922,,528,26,144
1923,,493,26,132
1924,,549,26,144
1925,,552,26,137
1926,,534,26,123
1927,,510,26,141
1928,,501,26,119
1929,,553,26,58
1930,,537,26,138
1931,,554,26,122
1932,,524,26,119
1933,,555,26,58
1934,,556,26,133
1935,,518,26,58
1936,,539,26,141
1937,,557,26,137
1938,,404,26,132
1939,,558,26,133
1940,,559,26,141
1941,,500,26,145
1942,,509,26,142
1943,,560,26,141
1944,,518,26,139
1945,,561,26,123
1946,,536,26,141
1947,,499,27,6
1948,,508,27,123
1949,,530,27,131
1950,,524,27,119
1951,,511,27,123
1952,,519,27,117
1953,,482,27,6
1954,,455,27,148
1955,,560,27,141
1956,,506,27,147
1957,,562,27,142
1958,,505,27,147
1959,,485,27,142
1960,,536,27,119
1961,,500,27,131
1962,,515,27,117
1963,,525,27,119
1964,,540,27,146
1965,,480,27,58
1966,,474,27,58
1967,,518,27,139
1968,,539,27,34
1969,,474,27,140
1970,,546,27,58
1971,,558,27,122
1972,,561,27,148
1973,,404,27,132
1974,,556,27,133
1975,,563,27,58
1976,,480,27,119
1977,,526,27,123
1978,,549,27,122
1979,,509,27,119
1980,,541,27,149
1981,,564,27,97
1982,,565,27,141
1983,,566,27,97
1984,,567,27,97
1985,,522,27,133
1986,,471,27,122
1987,,568,27,97
1988,,567,27,132
1989,,551,27,97
1990,,546,27,97
1991,,569,27,122
1992,,538,27,131
1993,,536,27,97
1994,,478,27,147
1995,,570,27,123
1996,,509,27,148
1997,,571,27,132
1998,,478,27,133
1999,,455,27,132
2000,,572,27,139
2001,,573,27,122
2002,,505,27,6
2003,,574,27,123
2004,,541,27,147
2005,,404,27,148
2006,,575,27,133
2007,,576,27,148
2008,,577,27,122
2009,,578,27,150
2010,,571,27,148
2011,,579,27,123
2012,,557,27,137
2013,,511,28,148
2014,,506,28,83
2015,,505,28,6
2016,,485,28,142
2017,,474,28,58
2018,,482,28,132
2019,,525,28,122
2020,,526,28,119
2021,,530,28,131
2022,,518,28,83
2023,,575,28,119
2024,,540,28,146
2025,,508,28,123
2026,,515,28,117
2027,,519,28,117
2028,,480,28,123
2029,,562,28,142
2030,,499,28,6
2031,,571,28,122
2032,,560,28,131
2033,,563,28,58
2034,,541,28,34
2035,,558,28,119
2036,,524,28,119
2037,,572,28,119
2038,,500,28,139
2039,,553,28,119
2040,,524,28,83
2041,,549,28,131
2042,,567,28,119
2043,,566,28,117
2044,,580,28,133
2045,,556,28,133
2046,,509,28,119
2047,,516,28,151
2048,,573,28,34
2049,,581,28,131
2050,,455,28,132
2051,,541,28,122
2052,,582,28,119
2053,,583,28,133
2054,,454,28,131
2055,,558,28,117
2056,,584,28,119
2057,,585,28,122
2058,,586,28,117
2059,,528,28,122
2060,,534,28,152
2061,,585,28,132
2062,,587,28,119
2063,,522,28,34
2064,,557,28,122
2065,,588,28,153
2066,,589,28,139
2067,,529,28,34
2068,,571,28,139
2069,,509,28,131
2070,,539,28,133
2071,,553,28,149
2072,,590,28,119
2073,,591,28,117
2074,,592,28,122
2075,,564,28,154
2076,,593,28,83
2077,,500,28,131
2078,,594,28,139
2079,,586,28,6
2080,,595,28,123
2081,,579,28,150
2082,,500,28,146
2083,,577,28,150
2084,,474,29,58
2085,,499,29,83
2086,,508,29,123
2087,,515,29,117
2088,,480,29,58
2089,,585,29,117
2090,,505,29,6
2091,,586,29,6
2092,,485,29,142
2093,,511,29,148
2094,,519,29,89
2095,,500,29,89
2096,,558,29,117
2097,,596,29,123
2098,,482,29,131
2099,,540,29,146
2100,,524,29,131
2101,,525,29,122
2102,,518,29,83
2103,,549,29,141
2104,,594,29,132
2105,,592,29,132
2106,,509,29,156
2107,,580,29,122
2108,,583,29,58
2109,,597,29,155
2110,,569,29,133
2111,,581,29,157
2112,,478,29,157
2113,,534,29,152
2114,,598,29,155
2115,,597,29,133
2116,,599,29,158
2117,,594,29,131
2118,,600,29,133
2119,,455,29,132
2120,,591,29,117
2121,,601,29,89
2122,,566,29,117
2123,,598,29,89
2124,,600,29,132
2125,,602,29,132
2126,,557,29,117
2127,,598,29,148
2128,,556,29,132
2129,,603,29,132
2130,,603,29,117
2131,,571,29,89
2132,,590,29,89
2133,,556,29,89
2134,,604,29,122
2135,,601,29,156
2136,,605,29,148
2137,,558,29,132
2138,,500,29,58
2139,,606,29,122
2140,,603,29,83
2141,,599,29,122
2142,,540,30,146
2143,,505,30,58
2144,,518,30,117
2145,,508,30,146
2146,,474,30,58
2147,,485,30,142
2148,,607,30,131
2149,,519,30,157
2150,,549,30,141
2151,,482,30,141
2152,,600,30,132
2153,,586,30,6
2154,,583,30,58
2155,,608,30,131
2156,,515,30,148
2157,,500,30,123
2158,,534,30,152
2159,,499,30,147
2160,,599,30,152
2161,,511,30,6
2162,,596,30,123
2163,,585,30,117
2164,,603,30,147
2165,,509,30,156
2166,,581,30,157
2167,,524,30,89
2168,,609,30,159
2169,,591,30,1
2170,,609,30,156
2171,,598,30,148
2172,,455,30,146
2173,,610,30,132
2174,,602,30,123
2175,,600,30,123
2176,,525,30,1
2177,,611,30,132
2178,,583,30,160
2179,,612,30,97
2180,,603,30,97
2181,,575,30,142
2182,,499,30,97
2183,,549,31,141
2184,,603,31,83
2185,,598,31,142
2186,,600,31,123
2187,,591,31,1
2188,,613,31,117
2189,,612,31,83
2190,,508,31,1
2191,,511,31,6
2192,,482,31,132
2193,,485,31,142
2194,,586,31,6
2195,,540,31,146
2196,,581,31,157
2197,,611,31,89
2198,,474,31,58
2199,,519,31,157
2200,,505,31,141
2201,,607,31,58
2202,,518,31,117
2203,,534,31,152
2204,,599,31,152
2205,,596,31,146
2206,,500,31,123
2207,,614,31,131
2208,,615,31,131
2209,,608,31,89
2210,,597,31,161
2211,,602,31,131
2212,,616,31,117
2213,,617,31,132
2214,,608,31,132
2215,,583,31,83
2216,,580,31,141
2217,,618,31,141
2218,,556,31,89
2219,,619,31,58
2220,,525,31,1
2221,,602,31,132
2222,,620,31,157
2223,,621,31,157
2224,,622,31,1
2225,,620,31,123
2226,,623,31,141
2227,,602,31,141
2228,,549,32,141
2229,,505,32,141
2230,,603,32,83
2231,,474,32,1
2232,,597,32,123
2233,,585,32,155
2234,,624,32,142
2235,,599,32,152
2236,,611,32,132
2237,,596,32,6
2238,,500,32,146
2239,,583,32,83
2240,,591,32,1
2241,,540,32,146
2242,,598,32,142
2243,,608,32,89
2244,,581,32,157
2245,,606,32,161
2246,,619,32,58
2247,,586,32,6
2248,,518,32,117
2249,,607,32,58
2250,,613,32,152
2251,,622,32,117
2252,,623,32,123
2253,,600,32,119
2254,,625,32,161
2255,,626,32,157
2256,,627,32,119
2257,,612,32,123
2258,,627,32,161
2259,,628,32,132
2260,,534,32,146
2261,,629,32,89
2262,,630,32,123
2263,,631,32,162
2264,,553,32,162
2265,,632,32,161
2266,,627,32,132
2267,,593,32,161
2268,,611,32,155
2269,,585,32,146
2270,,500,32,161
2271,,633,32,157
2272,,613,33,152
2273,,505,33,141
2274,,599,33,152
2275,,499,33,117
2276,,598,33,141
2277,,518,33,117
2278,,630,33,123
2279,,607,33,58
2280,,627,33,89
2281,,621,33,89
2282,,591,33,1
2283,,519,33,119
2284,,622,33,1
2285,,600,33,155
2286,,634,33,119
2287,,629,33,123
2288,,624,33,142
2289,,596,33,6
2290,,540,33,146
2291,,631,33,162
2292,,581,33,83
2293,,597,33,146
2294,,586,33,6
2295,,603,33,83
2296,,619,33,58
2297,,500,33,161
2298,,635,33,157
2299,,636,33,161
2300,,553,33,157
2301,,637,33,132
2302,,638,33,162
2303,,474,33,141
2304,,553,33,123
2305,,611,33,157
2306,,600,33,141
2307,,608,33,155
2308,,566,33,119
2309,,602,33,155
2310,,585,33,6
2311,,639,33,58
2312,,602,33,58
2313,,640,33,155
2314,,580,33,119
2315,,474,33,6
2316,,603,34,83
2317,,499,34,117
2318,,540,34,141
2319,,585,34,6
2320,,611,34,157
2321,,613,34,152
2322,,631,34,162
2323,,624,34,157
2324,,599,34,6
2325,,641,34,123
2326,,619,34,58
2327,,642,34,155
2328,,627,34,163
2329,,621,34,89
2330,,598,34,141
2331,,607,34,58
2332,,637,34,155
2333,,597,34,152
2334,,518,34,117
2335,,634,34,146
2336,,635,34,1
2337,,500,34,146
2338,,581,34,83
2339,,643,34,161
2340,,591,34,162
2341,,630,34,123
2342,,622,34,1
2343,,632,34,161
2344,,549,34,157
2345,,644,34,163
2346,,645,34,157
2347,,633,34,163
2348,,615,34,164
2349,,646,34,163
2350,,647,34,141
2351,,613,35,117
2352,,598,35,141
2353,,607,35,58
2354,,597,35,1
2355,,585,35,152
2356,,645,35,157
2357,,611,35,157
2358,,647,35,163
2359,,648,35,123
2360,,631,35,152
2361,,622,35,146
2362,,581,35,1
2363,,499,35,117
2364,,619,35,58
2365,,603,35,83
2366,,638,35,83
2367,,599,35,6
2368,,632,35,161
2369,,649,35,146
2370,,650,35,163
2371,,642,35,162
2372,,540,35,141
2373,,630,35,6
2374,,635,35,164
2375,,651,35,123
2376,,652,35,162
2377,,621,35,89
2378,,653,35,161
2379,,643,35,83
2380,,654,35,164
2381,,620,35,163
2382,,615,35,123
2383,,620,35,123
2384,,655,35,89
2385,,615,35,162
2386,,656,35,162
2387,,621,35,83
2388,,657,35,152
2389,,613,36,117
2390,,630,36,6
2391,,607,36,58
2392,,599,36,6
2393,,585,36,152
2394,,540,36,146
2395,,615,36,123
2396,,648,36,123
2397,,650,36,163
2398,,631,36,152
2399,,645,36,157
2400,,632,36,161
2401,,621,36,163
2402,,655,36,157
2403,,652,36,58
2404,,597,36,1
2405,,656,36,165
2406,,499,36,117
2407,,622,36,146
2408,,581,36,1
2409,,598,36,141
2410,,649,36,83
2411,,619,36,141
2412,,635,36,164
2413,,603,36,83
2414,,651,36,123
2415,,615,36,6
2416,,647,36,166
2417,,638,36,162
2418,,611,36,83
2419,,654,36,161
2420,,649,36,152
2421,,646,36,163
2422,,632,36,162
2423,,657,36,146
2424,,549,36,81
2425,,658,36,166
2426,,518,36,117
2427,,659,36,123
2428,,657,36,123
2429,,603,37,141
2430,,652,37,58
2431,,540,37,146
2432,,599,37,146
2433,,648,37,123
2434,,655,37,167
2435,,657,37,123
2436,,607,37,83
2437,,660,37,58
2438,,638,37,167
2439,,645,37,157
2440,,630,37,6
2441,,613,37,117
2442,,658,37,161
2443,,615,37,6
2444,,585,37,81
2445,,581,37,83
2446,,647,37,166
2447,,611,37,157
2448,,661,37,165
2449,,622,37,165
2450,,632,37,161
2451,,598,37,117
2452,,549,37,81
2453,,619,37,141
2454,,654,37,166
2455,,631,37,83
2456,,658,37,157
2457,,597,37,81
2458,,662,37,161
2459,,650,37,146
2460,,663,37,161
2461,,659,37,168
2462,,613,38,117
2463,,603,38,141
2464,,615,38,117
2465,,655,38,6
2466,,645,38,167
2467,,619,38,141
2468,,664,38,58
2469,,630,38,6
2470,,658,38,166
2471,,647,38,123
2472,,657,38,123
2473,,665,38,168
2474,,597,38,157
2475,,652,38,58
2476,,581,38,83
2477,,622,38,83
2478,,631,38,157
2479,,663,38,161
2480,,661,38,165
2481,,648,38,166
2482,,638,38,167
2483,,666,38,165
2484,,659,38,119
2485,,650,38,169
2486,,667,38,161
2487,,632,38,146
2488,,599,38,146
2489,,668,38,161
2490,,669,38,170
2491,,670,38,169
2492,,639,38,168
2493,,581,38,141
2494,,671,38,83
2495,,613,39,117
2496,,655,39,6
2497,,603,39,58
2498,,631,39,157
2499,,630,39,6
2500,,664,39,58
2501,,645,39,167
2502,,597,39,157
2503,,615,39,146
2504,,622,39,173
2505,,647,39,123
2506,,672,39,165
2507,,650,39,169
2508,,667,39,170
2509,,657,39,168
2510,,670,39,169
2511,,652,39,117
2512,,599,39,146
2513,,671,39,172
2514,,619,39,141
2515,,661,39,167
2516,,581,39,141
2517,,659,39,119
2518,,666,39,165
2519,,673,39,119
2520,,674,39,172
2521,,675,39,123
2522,,632,39,166
2523,,669,39,161
2524,,676,39,166
2525,,663,39,171
2526,,656,39,165
2527,,648,39,141
2528,,644,39,141
2529,,677,39,169
2530,,678,39,169
2531,,619,40,6
2532,,613,40,117
2533,,673,40,119
2534,,679,40,167
2535,,631,40,157
2536,,661,40,167
2537,,647,40,123
2538,,664,40,58
2539,,680,40,146
2540,,630,40,123
2541,,652,40,117
2542,,650,40,169
2543,,622,40,171
2544,,658,40,173
2545,,581,40,141
2546,,597,40,157
2547,,676,40,166
2548,,648,40,83
2549,,659,40,119
2550,,603,40,58
2551,,669,40,161
2552,,671,40,83
2553,,645,40,141
2554,,656,40,165
2555,,655,40,6
2556,,672,40,165
2557,,670,40,169
2558,,599,40,146
2559,,681,40,172
2560,,639,40,170
2561,,663,40,171
2562,,632,40,161
2563,,682,40,173
2564,,678,40,170
2565,,683,40,168
2566,,677,40,166
2567,,615,40,174
2568,,684,40,174
2569,,667,40,168
2570,,685,40,123
2571,,686,40,167
2572,,687,40,169
2573,,688,40,157
2574,,670,40,168
2575,,630,40,169
2576,,679,40,123
2577,,678,40,173
2578,,689,40,170
2579,,674,40,172
2580,,690,40,174
2581,,681,40,173
2582,,691,40,165
2583,,684,40,173
2584,,652,41,117
2585,,685,41,123
2586,,645,41,141
2587,,603,41,167
2588,,671,41,83
2589,,664,41,123
2590,,656,41,165
2591,,687,41,169
2592,,581,41,141
2593,,630,41,157
2594,,661,41,167
2595,,676,41,157
2596,,639,41,172
2597,,673,41,175
2598,,691,41,165
2599,,677,41,169
2600,,619,41,6
2601,,655,41,117
2602,,681,41,83
2603,,680,41,161
2604,,622,41,171
2605,,613,41,6
2606,,659,41,175
2607,,631,41,58
2608,,669,41,146
2609,,688,41,58
2610,,650,41,146
2611,,615,41,174
2612,,692,41,171
2613,,690,41,174
2614,,667,41,168
2615,,670,41,168
2616,,693,41,172
2617,,694,41,176
2618,,684,41,170
2619,,663,41,157
2620,,681,41,174
2621,,686,41,171
2622,,695,41,83
2623,,591,41,176
2624,,639,41,167
2625,,679,41,58
2626,,692,41,165
2627,,652,42,117
2628,,613,42,6
2629,,603,42,167
2630,,671,42,123
2631,,664,42,123
2632,,677,42,169
2633,,669,42,180
2634,,667,42,168
2635,,656,42,165
2636,,684,42,177
2637,,648,42,83
2638,,685,42,6
2639,,696,42,58
2640,,581,42,141
2641,,639,42,167
2642,,630,42,178
2643,,659,42,175
2644,,645,42,146
2645,,655,42,117
2646,,619,42,141
2647,,673,42,175
2648,,697,42,83
2649,,686,42,171
2650,,692,42,165
2651,,690,42,171
2652,,687,42,169
2653,,663,42,178
2654,,615,42,168
2655,,698,42,146
2656,,675,42,58
2657,,622,42,177
2658,,699,42,170
2659,,680,42,179
2660,,700,42,180
2661,,687,42,81
2662,,677,42,81
2663,,701,42,168
2664,,615,42,178
2665,,679,42,58
2666,,702,42,58
2667,,703,42,177
2668,,703,42,167
2669,,639,42,177
2670,,704,42,177
2671,,667,42,179
2672,,680,42,168
2673,,705,42,175
2674,,706,42,170
2675,,692,42,6
2676,,639,42,165
2677,,684,42,169
2678,,619,43,141
2679,,581,43,141
2680,,652,43,117
2681,,703,43,167
2682,,655,43,117
2683,,679,43,58
2684,,698,43,146
2685,,677,43,178
2686,,696,43,58
2687,,630,43,178
2688,,673,43,177
2689,,707,43,169
2690,,700,43,83
2691,,680,43,123
2692,,645,43,146
2693,,656,43,171
2694,,692,43,165
2695,,690,43,171
2696,,708,43,165
2697,,622,43,123
2698,,685,43,6
2699,,659,43,6
2700,,667,43,179
2701,,705,43,119
2702,,684,43,169
2703,,648,43,167
2704,,709,43,119
2705,,710,43,179
2706,,671,43,177
2707,,711,43,83
2708,,712,43,83
2709,,639,43,181
2710,,713,43,181
2711,,704,43,165
2712,,700,43,179
2713,,714,43,119
2714,,669,43,6
2715,,608,43,119
2716,,613,44,141
2717,,652,44,117
2718,,697,44,146
2719,,708,44,165
2720,,690,44,182
2721,,655,44,6
2722,,631,44,178
2723,,648,44,146
2724,,630,44,81
2725,,698,44,169
2726,,581,44,167
2727,,703,44,167
2728,,679,44,58
2729,,705,44,182
2730,,715,44,177
2731,,685,44,6
2732,,650,44,169
2733,,701,44,165
2734,,677,44,178
2735,,716,44,81
2736,,712,44,141
2737,,704,44,58
2738,,717,44,117
2739,,659,44,177
2740,,707,44,123
2741,,622,44,123
2742,,645,44,177
2743,,656,44,165
2744,,718,44,58
2745,,719,44,177
2746,,696,44,117
2747,,714,44,177
2748,,720,44,177
2749,,721,44,169
2750,,722,44,165
2751,,703,45,167
2752,,712,45,141
2753,,685,45,6
2754,,715,45,177
2755,,707,45,123
2756,,705,45,182
2757,,679,45,58
2758,,656,45,165
2759,,698,45,169
2760,,718,45,58
2761,,723,45,146
2762,,695,45,184
2763,,652,45,141
2764,,648,45,117
2765,,720,45,177
2766,,724,45,167
2767,,687,45,146
2768,,697,45,123
2769,,708,45,178
2770,,725,45,182
2771,,696,45,117
2772,,630,45,165
2773,,692,45,178
2774,,655,45,6
2775,,726,45,169
2776,,684,45,183
2777,,727,45,184
2778,,709,45,183
2779,,677,45,177
2780,,669,45,6
2781,,622,45,177
2782,,690,45,167
2783,,704,45,58
2784,,728,45,141
2785,,729,45,184
2786,,622,45,182
2787,,722,45,184
2788,,619,45,141
2789,,650,45,117
2790,,730,45,58
2791,,650,45,169
2792,,670,45,169
2793,,679,45,146
2794,,687,45,58
2795,,731,45,184
2796,,732,45,169
2797,,733,45,58
2798,,734,45,146
2799,,679,45,167
2800,,735,45,184
2801,,690,45,182
2802,,736,45,169
2803,,703,46,167
2804,,728,46,141
2805,,655,46,6
2806,,696,46,117
2807,,685,46,6
2808,,697,46,117
2809,,733,46,123
2810,,677,46,146
2811,,729,46,183
2812,,737,46,185
2813,,692,46,178
2814,,735,46,178
2815,,716,46,165
2816,,639,46,185
2817,,705,46,182
2818,,712,46,141
2819,,679,46,167
2820,,684,46,183
2821,,715,46,177
2822,,724,46,184
2823,,707,46,123
2824,,720,46,177
2825,,731,46,184
2826,,725,46,182
2827,,723,46,146
2828,,656,46,165
2829,,619,46,117
2830,,648,46,146
2831,,738,46,182
2832,,739,46,178
2833,,740,46,183
2834,,718,46,165
2835,,736,46,183
2836,,667,46,123
2837,,741,46,117
2838,,712,47,141
2839,,742,47,141
2840,,720,47,6
2841,,655,47,167
2842,,696,47,117
2843,,733,47,123
2844,,723,47,146
2845,,725,47,182
2846,,743,47,178
2847,,737,47,146
2848,,707,47,123
2849,,718,47,165
2850,,703,47,6
2851,,744,47,165
2852,,715,47,177
2853,,728,47,117
2854,,724,47,178
2855,,685,47,167
2856,,648,47,177
2857,,679,47,182
2858,,716,47,185
2859,,729,47,185
2860,,745,47,165
2861,,740,47,165
2862,,728,48,117
2863,,703,48,6
2864,,696,48,117
2865,,655,48,167
2866,,723,48,187
2867,,669,48,182
2868,,746,48,187
2869,,725,48,141
2870,,747,48,165
2871,,737,48,157
2872,,715,48,186
2873,,733,48,123
2874,,741,48,186
2875,,685,48,167
2876,,707,48,165
2877,,744,48,177
2878,,724,48,123
2879,,748,48,177
2880,,742,48,141
2881,,720,48,6
2882,,679,48,182
2883,,712,48,157
2884,,749,48,81
2885,,743,48,81
2886,,692,48,182
2887,,750,48,167
2888,,747,48,187
2889,,751,48,182
2890,,745,48,165
2891,,696,49,117
2892,,728,49,117
2893,,725,49,141
2894,,720,49,6
2895,,742,49,141
2896,,679,49,182
2897,,750,49,167
2898,,712,49,177
2899,,723,49,187
2900,,744,49,167
2901,,685,49,182
2902,,747,49,187
2903,,743,49,123
2904,,733,49,157
2905,,752,49,165
2906,,746,49,165
2907,,703,49,6
2908,,737,49,157
2909,,748,49,177
2910,,741,49,186
2911,,753,49,123
2912,,715,49,186
2913,,724,49,186
2914,,720,50,6
2915,,725,50,177
2916,,748,50,141
2917,,744,50,167
2918,,715,50,186
2919,,754,50,157
2920,,753,50,157
2921,,703,50,6
2922,,755,50,188
2923,,716,50,165
2924,,750,50,167
2925,,737,50,182
2926,,756,50,165
2927,,747,50,187
2928,,723,50,187
2929,,696,50,117
2930,,704,50,141
2931,,728,50,117
2932,,742,50,188
2933,,712,50,177
2934,,685,50,182
2935,,679,50,186
2936,,757,50,165
2937,,733,50,188
2938,,733,50,6
2939,,703,51,6
2940,,715,51,6
2941,,748,51,141
2942,,742,51,188
2943,,744,51,167
2944,,755,51,188
2945,,750,51,167
2946,,756,51,165
2947,,758,51,187
2948,,733,51,182
2949,,759,51,141
2950,,737,51,182
2951,,760,51,165
2952,,725,51,177
2953,,747,51,177
2954,,685,51,187
2955,,696,51,117
2956,,724,51,157
2957,,728,51,117
2958,,754,51,157
2959,,720,51,189
2960,,679,51,189
2961,,761,51,189
2962,,703,52,6
2963,,728,52,117
2964,,715,52,6
2965,,758,52,182
2966,,725,52,177
2967,,762,52,182
2968,,723,52,188
2969,,761,52,189
2970,,685,52,187
2971,,724,52,157
2972,,720,52,189
2973,,763,52,165
2974,,744,52,167
2975,,759,52,167
2976,,764,52,141
2977,,747,52,177
2978,,696,52,117
2979,,748,52,141
2980,,742,52,188
2981,,745,52,165
2982,,765,52,157
2983,,760,52,187
2984,,761,52,187
2985,,754,52,189
2986,,755,52,177
2987,,685,52,177
2988,,725,52,187
2989,,766,52,187
2990,,767,52,165
2991,,703,53,6
2992,,764,53,141
2993,,762,53,117
2994,,720,53,189
2995,,768,53,165
2996,,733,53,190
2997,,767,53,165
2998,,754,53,189
2999,,728,53,117
3000,,742,53,188
3001,,725,53,157
3002,,765,53,157
3003,,769,53,177
3004,,747,53,152
3005,,715,53,6
3006,,748,53,141
3007,,744,53,177
3008,,770,53,182
3009,,758,53,182
3010,,759,53,152
3011,,723,53,188
3012,,771,53,190
3013,,772,53,165
3014,,725,53,182
3015,,728,54,117
3016,,764,54,141
3017,,762,54,117
3018,,703,54,6
3019,,747,54,152
3020,,725,54,182
3021,,763,54,152
3022,,748,54,141
3023,,742,54,188
3024,,759,54,188
3025,,724,54,165
3026,,744,54,177
3027,,773,54,189
3028,,723,54,190
3029,,758,54,182
3030,,774,54,165
3031,,768,54,189
3032,,775,54,190
3033,,776,54,177
3034,,715,54,6
3035,,777,54,165
3036,,774,54,189
3037,,778,54,177
3038,,756,54,141
3039,,769,54,188
3040,,703,55,6
3041,,715,55,6
3042,,763,55,152
3043,,748,55,141
3044,,764,55,141
3045,,759,55,188
3046,,747,55,152
3047,,728,55,117
3048,,769,55,188
3049,,744,55,182
3050,,779,55,189
3051,,775,55,190
3052,,723,55,190
3053,,780,55,177
3054,,770,55,182
3055,,758,55,177
3056,,781,55,165
3057,,768,55,189
3058,,778,55,165
3059,,762,55,117
3060,,782,55,177
3061,,756,55,141
3062,,773,55,141
3063,,755,55,190
3064,,742,55,152
3065,,747,55,190
3066,,744,56,152
3067,,715,56,6
3068,,763,56,152
3069,,728,56,191
3070,,768,56,141
3071,,764,56,117
3072,,779,56,191
3073,,762,56,117
3074,,747,56,190
3075,,770,56,182
3076,,759,56,188
3077,,748,56,190
3078,,742,56,182
3079,,769,56,188
3080,,783,56,177
3081,,784,56,177
3082,,785,56,165
3083,,703,56,6
3084,,758,56,141
3085,,786,56,165
3086,,772,56,188
3087,,754,56,117
3088,,750,56,117
3089,,787,56,191
3090,,755,56,190
3091,,788,56,165
3092,,773,56,141
3093,,763,57,152
3094,,703,57,6
3095,,762,57,117
3096,,759,57,98
3097,,764,57,117
3098,,768,57,141
3099,,789,57,141
3100,,779,57,191
3101,,770,57,6
3102,,728,57,191
3103,,787,57,195
3104,,758,57,192
3105,,790,57,195
3106,,748,57,190
3107,,715,57,98
3108,,747,57,190
3109,,784,57,194
3110,,769,57,193
3111,,791,57,193
3112,,742,57,192
3113,,744,57,152
3114,,786,57,194
3115,,792,57,193
3116,,754,57,117
3117,,793,57,193
3118,,794,57,192
3119,,786,57,196
3120,,784,57,196
3121,,788,57,191
3122,,762,58,6
3123,,763,58,117
3124,,795,58,117
3125,,758,58,192
3126,,744,58,152
3127,,770,58,6
3128,,789,58,141
3129,,748,58,190
3130,,747,58,190
3131,,796,58,152
3132,,715,58,98
3133,,769,58,193
3134,,768,58,191
3135,,787,58,195
3136,,759,58,98
3137,,772,58,193
3138,,797,58,197
3139,,750,58,141
3140,,728,58,191
3141,,794,58,192
3142,,790,58,195
3143,,786,58,197
3144,,798,58,192
3145,,799,58,197
3146,,798,58,195
3147,,793,58,197
3148,,800,58,141
3149,,795,59,117
3150,,758,59,192
3151,,789,59,141
3152,,763,59,152
3153,,796,59,117
3154,,800,59,141
3155,,801,59,195
3156,,762,59,6
3157,,794,59,192
3158,,782,59,190
3159,,769,59,193
3160,,802,59,152
3161,,770,59,6
3162,,728,59,191
3163,,747,59,190
3164,,797,59,198
3165,,768,59,191
3166,,759,59,98
3167,,772,59,193
3168,,798,59,195
3169,,744,59,198
3170,,715,59,98
3171,,759,60,199
3172,,715,60,199
3173,,747,60,190
3174,,782,60,190
3175,,763,60,152
3176,,789,60,141
3177,,803,60,195
3178,,801,60,195
3179,,797,60,198
3180,,758,60,192
3181,,744,60,198
3182,,768,60,191
3183,,798,60,191
3184,,794,60,192
3185,,762,60,6
3186,,770,60,6
3187,,802,60,152
3188,,800,60,141
3189,,796,60,117
3190,,795,60,117
3191,,804,60,195
3192,,805,60,152
3193,,716,60,6
3194,,744,60,6
3195,,787,60,198
3196,,806,60,190
3197,,763,61,6
3198,,770,61,6
3199,,795,61,117
3200,,798,61,191
3201,,789,61,48
3202,,703,61,48
3203,,759,61,117
3204,,768,61,191
3205,,787,61,198
3206,,715,61,141
3207,,794,61,152
3208,,797,61,198
3209,,804,61,195
3210,,807,61,141
3211,,796,61,202
3212,,803,61,195
3213,,747,61,202
3214,,754,61,182
3215,,808,61,200
3216,,782,61,201
3217,,809,61,152
3218,,806,61,182
3219,,810,61,201
3220,,811,61,200
3221,,793,61,200
3222,,758,61,182
3223,,779,61,200
3224,,798,62,191
3225,,795,62,117
3226,,809,62,152
3227,,763,62,6
3228,,768,62,191
3229,,759,62,117
3230,,770,62,6
3231,,803,62,195
3232,,797,62,198
3233,,812,62,198
3234,,804,62,195
3235,,758,62,152
3236,,747,62,202
3237,,813,62,201
3238,,782,62,201
3239,,715,62,141
3240,,789,62,48
3241,,796,62,202
3242,,703,62,48
3243,,814,62,141
3244,,806,62,182
3245,,815,62,182
3246,,787,62,200
3247,,783,62,200
3248,,754,62,182
3249,,816,62,200
3250,,811,62,202
3251,,808,62,152
3252,,759,63,117
3253,,798,63,191
3254,,795,63,117
3255,,768,63,191
3256,,763,63,6
3257,,806,63,182
3258,,762,63,204
3259,,815,63,182
3260,,816,63,195
3261,,812,63,198
3262,,817,63,195
3263,,789,63,48
3264,,814,63,141
3265,,782,63,205
3266,,818,63,205
3267,,808,63,141
3268,,770,63,6
3269,,796,63,203
3270,,809,63,203
3271,,703,63,48
3272,,805,63,204
3273,,807,63,198
3274,,754,63,200
3275,,783,63,200
3276,,813,63,204
3277,,762,64,204
3278,,763,64,6
3279,,798,64,191
3280,,770,64,6
3281,,795,64,48
3282,,768,64,191
3283,,797,64,198
3284,,812,64,198
3285,,759,64,117
3286,,805,64,204
3287,,815,64,117
3288,,817,64,195
3289,,819,64,182
3290,,820,64,141
3291,,821,64,205
3292,,818,64,203
3293,,822,64,205
3294,,823,64,203
3295,,816,64,195
3296,,789,64,48
3297,,814,64,141
3298,,807,64,182
3299,,796,64,204
3300,,789,65,48
3301,,824,65,117
3302,,759,65,117
3303,,763,65,6
3304,,820,65,141
3305,,807,65,198
3306,,762,65,6
3307,,817,65,195
3308,,825,65,195
3309,,815,65,198
3310,,797,65,182
3311,,819,65,182
3312,,822,65,205
3313,,821,65,205
3314,,805,65,204
3315,,814,65,204
3316,,826,65,203
3317,,798,65,191
3318,,795,65,48
3319,,770,65,141
3320,,806,65,203
3321,,816,65,191
3322,,827,65,203
3323,,828,65,203
3324,,795,66,48
3325,,789,66,48
3326,,798,66,6
3327,,770,66,141
3328,,829,66,182
3329,,816,66,191
3330,,807,66,198
3331,,826,66,182
3332,,830,66,195
3333,,815,66,198
3334,,759,66,117
3335,,762,66,6
3336,,831,66,195
3337,,805,66,204
3338,,814,66,204
3339,,825,66,191
3340,,824,66,117
3341,,820,66,141
3342,,832,66,206
3343,,763,66,117
3344,,828,66,206
3345,,833,66,206
3346,,789,67,48
3347,,795,67,48
3348,,798,67,6
3349,,816,67,191
3350,,770,67,141
3351,,805,67,207
3352,,807,67,198
3353,,820,67,141
3354,,830,67,195
3355,,831,67,195
3356,,834,67,152
3357,,824,67,152
3358,,815,67,198
3359,,759,67,117
3360,,829,67,182
3361,,835,67,206
3362,,826,67,182
3363,,762,67,6
3364,,836,67,206
3365,,819,67,207
3366,,763,67,117
3367,,825,67,191
3368,,837,67,117
3369,,831,67,191
3370,,825,67,195
3371,,838,67,206
3372,,798,68,6
3373,,795,68,48
3374,,820,68,48
3375,,762,68,6
3376,,831,68,191
3377,,770,68,141
3378,,815,68,198
3379,,830,68,195
3380,,825,68,195
3381,,838,68,198
3382,,807,68,152
3383,,839,68,182
3384,,837,68,117
3385,,763,68,117
3386,,824,68,207
3387,,840,68,141
3388,,816,68,191
3389,,826,68,182
3390,,834,68,152
3391,,805,68,207
3392,,835,68,182
3393,,759,68,117
3394,,812,68,141
3395,,841,68,195
3396,,830,68,152
3397,,842,68,195
3398,,798,69,6
3399,,795,69,48
3400,,762,69,6
3401,,816,69,191
3402,,763,69,117
3403,,831,69,191
3404,,807,69,152
3405,,820,69,48
3406,,837,69,117
3407,,830,69,152
3408,,815,69,198
3409,,838,69,198
3410,,843,69,182
3411,,840,69,141
3412,,842,69,195
3413,,805,69,207
3414,,824,69,207
3415,,841,69,195
3416,,826,69,182
3417,,844,69,141
3418,,820,70,48
3419,,795,70,48
3420,,831,70,191
3421,,798,70,6
3422,,843,70,6
3423,,824,70,207
3424,,807,70,152
3425,,762,70,1
3426,,840,70,208
3427,,825,70,195
3428,,841,70,191
3429,,845,70,117
3430,,815,70,208
3431,,846,70,195
3432,,839,70,1
3433,,847,70,141
3434,,794,70,141
3435,,805,70,207
3436,,816,70,152
3437,,830,70,117
3438,,846,70,191
3439,,841,70,195
3440,,820,71,48
3441,,843,71,6
3442,,845,71,117
3443,,795,71,48
3444,,830,71,117
3445,,815,71,208
3446,,841,71,209
3447,,838,71,152
3448,,839,71,1
3449,,798,71,6
3450,,848,71,141
3451,,825,71,209
3452,,846,71,191
3453,,762,71,1
3454,,847,71,141
3455,,805,71,207
3456,,824,71,207
3457,,840,71,208
3458,,816,71,152
3459,,831,71,191
3460,,807,71,208
3461,,847,71,48
3462,,849,71,141
3463,,850,71,207
3464,,795,72,48
3465,,831,72,191
3466,,820,72,48
3467,,845,72,117
3468,,815,72,191
3469,,843,72,6
3470,,816,72,117
3471,,830,72,6
3472,,851,72,209
3473,,840,72,64
3474,,762,72,1
3475,,839,72,1
3476,,838,72,210
3477,,847,72,141
3478,,798,72,64
3479,,852,72,207
3480,,841,72,209
3481,,848,72,141
3482,,763,72,210
3483,,853,72,207
3484,,794,72,1
3485,,843,73,6
3486,,830,73,6
3487,,795,73,48
3488,,847,73,48
3489,,824,73,207
3490,,820,73,1
3491,,838,73,210
3492,,851,73,209
3493,,763,73,210
3494,,854,73,1
3495,,852,73,207
3496,,840,73,64
3497,,846,73,141
3498,,816,73,117
3499,,845,73,117
3500,,848,73,141
3501,,807,73,64
3502,,815,73,191
3503,,831,73,191
3504,,841,73,209
3505,,798,73,64
3506,,855,73,141
3507,,831,74,191
3508,,815,74,191
3509,,763,74,64
3510,,830,74,6
3511,,795,74,48
3512,,840,74,64
3513,,847,74,48
3514,,820,74,1
3515,,841,74,210
3516,,846,74,141
3517,,851,74,209
3518,,856,74,141
3519,,824,74,207
3520,,855,74,209
3521,,807,74,207
3522,,854,74,1
3523,,845,74,117
3524,,838,74,210
3525,,843,74,6
3526,,857,74,117
3527,,816,74,209
3528,,858,74,209
3529,,831,75,191
3530,,815,75,191
3531,,830,75,6
3532,,843,75,6
3533,,847,75,48
3534,,845,75,117
3535,,795,75,48
3536,,857,75,117
3537,,763,75,64
3538,,840,75,64
3539,,854,75,182
3540,,824,75,207
3541,,816,75,211
3542,,851,75,211
3543,,846,75,141
3544,,807,75,207
3545,,838,75,210
3546,,841,75,210
3547,,820,75,182
3548,,856,75,141
3549,,859,75,6
3550,,860,75,141
3551,,859,75,207
3552,,858,75,211
3553,,861,75,210
3554,0,861,76,210
3555,0,841,76,210
3556,0,763,76,64
3557,0,840,76,64
3558,0,843,76,6
3559,0,795,76,6
3560,0,838,76,207
3561,0,859,76,207
3562,0,862,76,182
3563,0,845,76,117
3564,0,857,76,117
3565,0,863,76,48
3566,0,847,76,48
3567,0,864,76,211
3568,0,851,76,211
3569,0,831,76,191
3570,0,858,76,191
3571,0,846,76,141
3572,0,830,76,141
3573,0,807,76,182
3574,2,863,75,48
